[
  {
    "name": "adduser.png",
    "url": "https://cdn.kordai.biz.id/serve/gHPBndeqPllK.png"
  },
  {
    "name": "banner1.png",
    "url": "https://cdn.kordai.biz.id/serve/UAkzzmMoZwY0.png"
  },
  {
    "name": "banner2.png",
    "url": "https://cdn.kordai.biz.id/serve/kDdc7KzjeWQA.png"
  },
  {
    "name": "banner3.png",
    "url": "https://cdn.kordai.biz.id/serve/0wJZPXvgFSuz.png"
  },
  {
    "name": "banner4.png",
    "url": "https://cdn.kordai.biz.id/serve/Il9njfUurOwO.png"
  },
  {
    "name": "cancel.png",
    "url": "https://cdn.kordai.biz.id/serve/tF5WKoqSKSzd.png"
  },
  {
    "name": "caught.png",
    "url": "https://cdn.kordai.biz.id/serve/tTJhOIoO7CLr.png"
  },
  {
    "name": "cooldown.png",
    "url": "https://cdn.kordai.biz.id/serve/uFoTcdJDPQBc.png"
  },
  {
    "name": "correct.png",
    "url": "https://cdn.kordai.biz.id/serve/O89kweJTMsJ5.png"
  },
  {
    "name": "daily.png",
    "url": "https://cdn.kordai.biz.id/serve/8ugrDeFyl6F6.png"
  },
  {
    "name": "deposit.png",
    "url": "https://cdn.kordai.biz.id/serve/HVzE4omjoRvE.png"
  },
  {
    "name": "empty.png",
    "url": "https://cdn.kordai.biz.id/serve/KmuXgQKsPRya.png"
  },
  {
    "name": "inventory.png",
    "url": "https://cdn.kordai.biz.id/serve/d82z79kSvCHy.png"
  },
  {
    "name": "jackpot.png",
    "url": "https://cdn.kordai.biz.id/serve/Q30EJPCbPdkZ.png"
  },
  {
    "name": "leaderboard.png",
    "url": "https://cdn.kordai.biz.id/serve/3cvKRDxpivKn.png"
  },
  {
    "name": "loss.png",
    "url": "https://cdn.kordai.biz.id/serve/WaM8ICeSyck3.png"
  },
  {
    "name": "payment.png",
    "url": "https://cdn.kordai.biz.id/serve/ThbP5KNg1FWm.png"
  },
  {
    "name": "police.png",
    "url": "https://cdn.kordai.biz.id/serve/TOnxcseaWHMG.png"
  },
  {
    "name": "purchase.png",
    "url": "https://cdn.kordai.biz.id/serve/5MUO5zI1AqA5.png"
  },
  {
    "name": "removeuser.png",
    "url": "https://cdn.kordai.biz.id/serve/LGpnrp0RW3nI.png"
  },
  {
    "name": "robbery.png",
    "url": "https://cdn.kordai.biz.id/serve/O19X6RT9UAzQ.png"
  },
  {
    "name": "shop.png",
    "url": "https://cdn.kordai.biz.id/serve/4qQExi1MSQNq.png"
  },
  {
    "name": "thumbnail.png",
    "url": "https://cdn.kordai.biz.id/serve/8QyeS0k874Dj.png"
  },
  {
    "name": "tired.png",
    "url": "https://cdn.kordai.biz.id/serve/DHNJs1CT0mlD.png"
  },
  {
    "name": "update.png",
    "url": "https://cdn.kordai.biz.id/serve/gzn8dVyeNcQN.png"
  },
  {
    "name": "user.png",
    "url": "https://cdn.kordai.biz.id/serve/y2mPcVEP1K8w.png"
  },
  {
    "name": "wallet.png",
    "url": "https://cdn.kordai.biz.id/serve/Ud3yveKhZMgD.png"
  },
  {
    "name": "withdraw.png",
    "url": "https://cdn.kordai.biz.id/serve/R4jCfaEyGeZi.png"
  },
  {
    "name": "work.png",
    "url": "https://cdn.kordai.biz.id/serve/OW3rE330wCcT.png"
  }
]